{"v":"4.8.0","meta":{"g":"LottieFiles AE 1.0.0","a":"","k":"","d":"","tc":"#FFFFFF"},"fr":25,"ip":0,"op":41,"w":1080,"h":1080,"nm":"Little power robot icon","ddd":0,"assets":[],"layers":[{"ddd":0,"ind":1,"ty":4,"nm":"Shape Layer 2","parent":3,"sr":1,"ks":{"o":{"a":0,"k":100,"ix":11},"r":{"a":0,"k":0,"ix":10},"p":{"a":0,"k":[1.5,92,0],"ix":2},"a":{"a":0,"k":[0,0,0],"ix":1},"s":{"a":0,"k":[100,100,100],"ix":6}},"ao":0,"shapes":[{"ty":"gr","it":[{"ind":0,"ty":"sh","ix":1,"ks":{"a":0,"k":{"i":[[0,0],[0,0]],"o":[[0,0],[0,0]],"v":[[3.5,54.5],[3.5,142.5]],"c":false},"ix":2},"nm":"Path 1","mn":"ADBE Vector Shape - Group","hd":false},{"ty":"st","c":{"a":0,"k":[0,0,0,1],"ix":3},"o":{"a":0,"k":100,"ix":4},"w":{"a":0,"k":18,"ix":5},"lc":2,"lj":1,"ml":4,"bm":0,"nm":"Stroke 1","mn":"ADBE Vector Graphic - Stroke","hd":false},{"ty":"tr","p":{"a":0,"k":[0,0],"ix":2},"a":{"a":0,"k":[0,0],"ix":1},"s":{"a":0,"k":[100,100],"ix":3},"r":{"a":0,"k":0,"ix":6},"o":{"a":0,"k":100,"ix":7},"sk":{"a":0,"k":0,"ix":4},"sa":{"a":0,"k":0,"ix":5},"nm":"Transform"}],"nm":"Shape 1","np":3,"cix":2,"bm":0,"ix":1,"mn":"ADBE Vector Group","hd":false}],"ip":0,"op":1446,"st":0,"bm":0},{"ddd":0,"ind":2,"ty":4,"nm":"Shape Layer 1","parent":3,"sr":1,"ks":{"o":{"a":0,"k":100,"ix":11},"r":{"a":0,"k":0,"ix":10},"p":{"a":0,"k":[-8,92,0],"ix":2},"a":{"a":0,"k":[0,0,0],"ix":1},"s":{"a":0,"k":[100,100,100],"ix":6}},"ao":0,"shapes":[{"ty":"gr","it":[{"d":1,"ty":"el","s":{"a":0,"k":[128,128],"ix":2},"p":{"a":0,"k":[0,0],"ix":3},"nm":"Ellipse Path 1","mn":"ADBE Vector Shape - Ellipse","hd":false},{"ty":"st","c":{"a":0,"k":[0,0,0,1],"ix":3},"o":{"a":0,"k":100,"ix":4},"w":{"a":0,"k":18,"ix":5},"lc":2,"lj":1,"ml":4,"bm":0,"nm":"Stroke 1","mn":"ADBE Vector Graphic - Stroke","hd":false},{"ty":"tr","p":{"a":0,"k":[12,138],"ix":2},"a":{"a":0,"k":[0,0],"ix":1},"s":{"a":0,"k":[100,100],"ix":3},"r":{"a":0,"k":0,"ix":6},"o":{"a":0,"k":100,"ix":7},"sk":{"a":0,"k":0,"ix":4},"sa":{"a":0,"k":0,"ix":5},"nm":"Transform"}],"nm":"Ellipse 1","np":3,"cix":2,"bm":0,"ix":1,"mn":"ADBE Vector Group","hd":false},{"ty":"tm","s":{"a":0,"k":0,"ix":1},"e":{"a":0,"k":85,"ix":2},"o":{"a":0,"k":28,"ix":3},"m":1,"ix":2,"nm":"Trim Paths 1","mn":"ADBE Vector Filter - Trim","hd":false}],"ip":0,"op":1446,"st":0,"bm":0},{"ddd":0,"ind":3,"ty":4,"nm":"L eye","parent":5,"sr":1,"ks":{"o":{"a":1,"k":[{"i":{"x":[0.58],"y":[1]},"o":{"x":[0.42],"y":[0]},"t":14,"s":[100]},{"i":{"x":[0.58],"y":[1]},"o":{"x":[0.42],"y":[0]},"t":17,"s":[30]},{"i":{"x":[0.58],"y":[1]},"o":{"x":[0.42],"y":[0]},"t":20,"s":[100]},{"i":{"x":[0.58],"y":[1]},"o":{"x":[0.42],"y":[0]},"t":23,"s":[30]},{"t":26,"s":[100]}],"ix":11},"r":{"a":0,"k":0,"ix":10},"p":{"a":0,"k":[-98.723,-39.53,0],"ix":2},"a":{"a":0,"k":[-98.723,-39.53,0],"ix":1},"s":{"a":0,"k":[100,100,100],"ix":6}},"ao":0,"shapes":[{"ty":"gr","it":[{"ind":0,"ty":"sh","ix":1,"ks":{"a":0,"k":{"i":[[0,0],[2.339,32.825],[-3.115,-31.504]],"o":[[3.105,31.398],[-2.432,-34.135],[0,0]],"v":[[-123.237,-37.35],[-74.151,-41.087],[-123.237,-37.35]],"c":false},"ix":2},"nm":"Path 1","mn":"ADBE Vector Shape - Group","hd":false},{"ty":"fl","c":{"a":0,"k":[0.207843137255,1,0.972041530235,1],"ix":4},"o":{"a":0,"k":100,"ix":5},"r":1,"bm":0,"nm":"Fill 1","mn":"ADBE Vector Graphic - Fill","hd":false},{"ty":"tr","p":{"a":0,"k":[0,0],"ix":2},"a":{"a":0,"k":[0,0],"ix":1},"s":{"a":0,"k":[100,100],"ix":3},"r":{"a":0,"k":0,"ix":6},"o":{"a":0,"k":100,"ix":7},"sk":{"a":0,"k":0,"ix":4},"sa":{"a":0,"k":0,"ix":5},"nm":"Transform"}],"nm":"Group 1","np":2,"cix":2,"bm":0,"ix":1,"mn":"ADBE Vector Group","hd":false}],"ip":0,"op":41,"st":0,"bm":0},{"ddd":0,"ind":4,"ty":4,"nm":"R eye","parent":5,"sr":1,"ks":{"o":{"a":1,"k":[{"i":{"x":[0.58],"y":[1]},"o":{"x":[0.42],"y":[0]},"t":14,"s":[100]},{"i":{"x":[0.58],"y":[1]},"o":{"x":[0.42],"y":[0]},"t":17,"s":[30]},{"i":{"x":[0.58],"y":[1]},"o":{"x":[0.42],"y":[0]},"t":20,"s":[100]},{"i":{"x":[0.58],"y":[1]},"o":{"x":[0.42],"y":[0]},"t":23,"s":[30]},{"t":26,"s":[100]}],"ix":11},"r":{"a":0,"k":0,"ix":10},"p":{"a":0,"k":[97.262,-39.391,0],"ix":2},"a":{"a":0,"k":[97.262,-39.391,0],"ix":1},"s":{"a":0,"k":[100,100,100],"ix":6}},"ao":0,"shapes":[{"ty":"gr","it":[{"ind":0,"ty":"sh","ix":1,"ks":{"a":0,"k":{"i":[[0,0],[-28.628,7.176],[31.564,-8.912]],"o":[[-34.139,9.641],[32.319,-8.102],[0,0]],"v":[[91.601,-63.164],[102.851,-15.299],[91.601,-63.164]],"c":false},"ix":2},"nm":"Path 1","mn":"ADBE Vector Shape - Group","hd":false},{"ty":"fl","c":{"a":0,"k":[0.207843137255,1,0.972041530235,1],"ix":4},"o":{"a":0,"k":100,"ix":5},"r":1,"bm":0,"nm":"Fill 1","mn":"ADBE Vector Graphic - Fill","hd":false},{"ty":"tr","p":{"a":0,"k":[0,0],"ix":2},"a":{"a":0,"k":[0,0],"ix":1},"s":{"a":0,"k":[100,100],"ix":3},"r":{"a":0,"k":0,"ix":6},"o":{"a":0,"k":100,"ix":7},"sk":{"a":0,"k":0,"ix":4},"sa":{"a":0,"k":0,"ix":5},"nm":"Transform"}],"nm":"Group 1","np":2,"cix":2,"bm":0,"ix":1,"mn":"ADBE Vector Group","hd":false}],"ip":0,"op":41,"st":0,"bm":0},{"ddd":0,"ind":5,"ty":4,"nm":"Body","sr":1,"ks":{"o":{"a":0,"k":100,"ix":11},"r":{"a":0,"k":0,"ix":10},"p":{"a":1,"k":[{"i":{"x":0.58,"y":1},"o":{"x":0.42,"y":0},"t":0,"s":[540,453.505,0],"to":[0,13.333,0],"ti":[0,0,0]},{"i":{"x":0.58,"y":1},"o":{"x":0.42,"y":0},"t":20,"s":[540,533.505,0],"to":[0,0,0],"ti":[0,13.333,0]},{"t":40,"s":[540,453.505,0]}],"ix":2},"a":{"a":0,"k":[0,-6.495,0],"ix":1},"s":{"a":0,"k":[100,100,100],"ix":6}},"ao":0,"shapes":[{"ty":"gr","it":[{"ind":0,"ty":"sh","ix":1,"ks":{"a":0,"k":{"i":[[0,0],[-54.91,-2.547],[-2.887,-1.087],[-0.788,-0.583],[1.588,-18.658],[11.704,-2.204],[10.781,0.015],[0,0],[8.537,4.698],[-0.274,6.955],[6.094,-3.311],[0.488,3.079],[0.28,-4.908],[4.601,-0.486],[-24.224,-0.033],[0,0],[-4.34,21.379],[4.72,10.748],[1.402,1.593],[0.503,0.639],[0,0],[0.488,2.227],[0,0],[1.579,-1.319],[-0.024,-5.356],[0,0],[0.665,-6.377],[0,-20.078],[-0.04,-5.977],[-7.112,1.316],[-6.467,-0.767],[0,0],[0.311,0.398],[2.032,-3],[3.329,0.568],[1.001,0.188],[14.507,0.015],[18.671,0.539],[4.4,0.055],[8.02,0.875],[22.706,-1.308],[7.278,-2.348],[1.04,-5.036]],"o":[[38.276,-5.082],[3.287,0.152],[1.445,0.544],[5.933,12.831],[-1.018,11.978],[-6.777,1.279],[0,0],[-13.46,-0.002],[-4.93,-2.712],[-2.503,2.966],[-0.605,-2.905],[-2.655,2.178],[-3.797,-2.125],[2.887,23.954],[0,0],[22.79,0.02],[3.22,-15.866],[-1.23,-0.718],[-6.801,-7.709],[0,0],[-0.888,-1.303],[0,0],[-2.467,0.292],[-0.28,4.188],[0,0],[0.298,6.927],[-1.069,10.24],[0,16.743],[5.942,0.583],[3.083,-0.572],[0,0],[2.547,0.3],[0.323,3.43],[-1.939,2.869],[-0.647,-0.11],[-6.852,-1.283],[-18.17,-0.018],[-4.362,-0.126],[-8.23,-0.104],[-16.332,-1.776],[-0.316,0.018],[-5.294,1.709],[0,0]],"v":[[-169.44,-103.021],[153.065,-104.517],[171.144,-102.975],[173.187,-101.871],[176.026,16.927],[163.175,35.381],[68.484,35.682],[-119.607,35.642],[-164.627,33.321],[-171.867,23.452],[-178.505,30.1],[-180.409,20.602],[-184.206,28.669],[-189.26,27.688],[-144.311,54.392],[144.48,54.39],[193.731,31.827],[192.512,-107.609],[190.701,-109.233],[177.366,-122.238],[140.044,-124.754],[139.232,-126.837],[139.148,-209.713],[135.934,-209.289],[134.962,-197.891],[134.918,-175.094],[136.588,-163.807],[134.034,-141.845],[135.929,-120.941],[146.379,-119.404],[156.875,-120.274],[170.932,-115.823],[171.082,-116.192],[170.61,-112.102],[158.039,-111.386],[155.687,-111.921],[66.582,-112.393],[33.269,-110.472],[22.921,-111.49],[0.087,-112.172],[-133.857,-113.021],[-160.667,-112.042],[-169.44,-103.021]],"c":false},"ix":2},"nm":"Path 1","mn":"ADBE Vector Shape - Group","hd":false},{"ty":"fl","c":{"a":0,"k":[0.019607843831,0.011764706112,0.003921568859,1],"ix":4},"o":{"a":0,"k":100,"ix":5},"r":1,"bm":0,"nm":"Fill 1","mn":"ADBE Vector Graphic - Fill","hd":false},{"ty":"tr","p":{"a":0,"k":[0,0],"ix":2},"a":{"a":0,"k":[0,0],"ix":1},"s":{"a":0,"k":[100,100],"ix":3},"r":{"a":0,"k":0,"ix":6},"o":{"a":0,"k":100,"ix":7},"sk":{"a":0,"k":0,"ix":4},"sa":{"a":0,"k":0,"ix":5},"nm":"Transform"}],"nm":"Group 15","np":2,"cix":2,"bm":0,"ix":15,"mn":"ADBE Vector Group","hd":false},{"ty":"gr","it":[{"ind":0,"ty":"sh","ix":1,"ks":{"a":0,"k":{"i":[[0,0],[1.25,-8.517],[-0.172,-8.433],[-43.935,0.036],[0,0],[-23.064,1.288],[-2.622,3.254],[-2.244,4.4],[-0.219,2.187],[0.881,16.513],[1.564,3.079],[0,0],[3.256,1.319],[9.701,0],[8.356,-1.467]],"o":[[-8.51,1.493],[-1.208,8.232],[1.513,74.123],[0,0],[27.391,-0.071],[6.71,-0.373],[2.788,-3.459],[0.846,-1.659],[1.701,-17.094],[-0.205,-3.815],[0,0],[-1.692,-3.068],[-6.492,-2.631],[-14.351,0],[0,0]],"v":[[-145.426,-93.879],[-159.395,-80.041],[-160.015,-52.55],[-125.309,24.006],[39.984,23.551],[151.106,23.215],[159.491,18.564],[162.556,14.981],[163.952,8.6],[164.164,-73.492],[162.433,-84.755],[160.259,-88.253],[156.206,-92.781],[75.133,-94.155],[-145.426,-93.879]],"c":false},"ix":2},"nm":"Path 3","mn":"ADBE Vector Shape - Group","hd":false},{"ty":"fl","c":{"a":0,"k":[0.011764706112,0.015686275437,0.003921568859,1],"ix":4},"o":{"a":0,"k":100,"ix":5},"r":1,"bm":0,"nm":"Fill 1","mn":"ADBE Vector Graphic - Fill","hd":false},{"ty":"tr","p":{"a":0,"k":[0,0],"ix":2},"a":{"a":0,"k":[0,0],"ix":1},"s":{"a":0,"k":[100,100],"ix":3},"r":{"a":0,"k":0,"ix":6},"o":{"a":0,"k":100,"ix":7},"sk":{"a":0,"k":0,"ix":4},"sa":{"a":0,"k":0,"ix":5},"nm":"Transform"}],"nm":"Group 21","np":2,"cix":2,"bm":0,"ix":21,"mn":"ADBE Vector Group","hd":false},{"ty":"gr","it":[{"ind":0,"ty":"sh","ix":1,"ks":{"a":0,"k":{"i":[[-1.902,0.928],[0,0],[-11.141,-0.265],[-39.171,-0.064],[-19.817,-1.67],[0,0],[0.866,-14.07],[87.342,5.811],[12.219,7.753],[3.943,10.008],[5.964,10.808],[2.907,6.856],[3.26,14.814],[0.855,16.884],[-3.974,11.696],[-0.705,0.99]],"o":[[0,0],[10.949,-2.167],[38.13,0.906],[20.157,0.033],[0,0],[5.725,11.057],[-4.53,73.568],[-17.748,-1.18],[-9.436,-5.986],[-5.348,-6.125],[-3.331,-6.032],[-5.46,-12.875],[-3.514,-15.956],[-0.599,-11.846],[0.446,-1.314],[1.897,-2.67]],"v":[[-118.706,121.502],[-113.209,119.079],[-61.662,118.56],[61.833,118.671],[122.617,119.415],[123.832,122.264],[129.237,178.319],[-4.664,352.897],[-50.216,336.863],[-81.084,305.417],[-94.065,289.542],[-103.558,269.588],[-118.256,225.399],[-124.39,172.611],[-121.772,125.749],[-120.615,123.141]],"c":true},"ix":2},"nm":"Path 1","mn":"ADBE Vector Shape - Group","hd":false},{"ind":1,"ty":"sh","ix":2,"ks":{"a":0,"k":{"i":[[0.466,-9.383],[1.807,-5.219],[5.869,-1.922],[3.492,2.807],[11.594,1.524],[-19.614,12.853],[0.033,-10.534]],"o":[[1.676,4.601],[-2.019,5.829],[-3.55,-2.953],[-8.992,-2.816],[1.829,-36.279],[0.04,10.518],[-0.033,10.169]],"v":[[-142.241,199.068],[-139.105,230.042],[-157.608,247.156],[-165.446,237.481],[-188.551,228.834],[-142.429,135.285],[-143.164,166.888]],"c":true},"ix":2},"nm":"Path 2","mn":"ADBE Vector Shape - Group","hd":false},{"ind":2,"ty":"sh","ix":3,"ks":{"a":0,"k":{"i":[[0,0],[-0.071,-29.306],[7.316,-2.085],[1.345,-3.737],[3.349,4.808],[-1.491,13.12],[-1.614,8.557]],"o":[[17.257,7.622],[-9.856,2.558],[-3.331,2.319],[-6.45,-1.811],[-7.444,-10.671],[2.77,-24.412],[0,0]],"v":[[151.002,134.47],[197.358,228.324],[174.879,237.38],[167.515,247.964],[148.04,230.78],[145.458,201.063],[145.723,130.269]],"c":true},"ix":2},"nm":"Path 3","mn":"ADBE Vector Shape - Group","hd":false},{"ind":3,"ty":"sh","ix":4,"ks":{"a":0,"k":{"i":[[0,0],[-0.079,24.774],[-22.823,2.078]],"o":[[-22.929,-1.849],[0.08,-24.495],[0,0]],"v":[[-263.439,-7.915],[-304.084,-55.402],[-263.683,-102.725]],"c":true},"ix":2},"nm":"Path 4","mn":"ADBE Vector Shape - Group","hd":false},{"ind":4,"ty":"sh","ix":5,"ks":{"a":0,"k":{"i":[[0,0],[0.561,-22.534],[20.67,2.483],[0,0]],"o":[[21.628,-2.366],[-0.53,21.191],[0,0],[0,0]],"v":[[264.355,-102.105],[305.196,-54.423],[264.684,-8.505],[264.364,-92.448]],"c":true},"ix":2},"nm":"Path 5","mn":"ADBE Vector Shape - Group","hd":false},{"ind":5,"ty":"sh","ix":6,"ks":{"a":0,"k":{"i":[[5.188,0],[-0.044,-24.529],[-2.717,-6.646],[-3.797,-2.125],[-2.655,2.178],[-0.605,-2.905],[-2.503,2.966],[0.594,19.285],[-0.572,11.093],[0.32,6.107],[-5.294,1.709],[-0.316,0.018],[-16.332,-1.776],[-8.23,-0.104],[-4.362,-0.126],[-18.169,-0.018],[-6.852,-1.283],[-0.647,-0.11],[-1.939,2.869],[0.323,3.43],[2.547,0.3],[0,0],[3.083,-0.572],[5.942,0.583],[0,16.743],[-1.069,10.24],[0.298,6.927],[0,0],[-0.28,4.188],[-2.467,0.292],[-15.568,-7.861],[-3.033,-4.259],[-2.854,-2.478],[0.311,-5.354],[0,0],[-1.363,-1.604],[-1.639,-3.262],[-1.37,-7.375],[0.848,-24.849],[6.71,-12.327],[46.731,0.482],[66.741,-0.077],[14.803,2.995],[7.174,18.854],[0.654,18.291],[-1.665,31.157],[-33.32,13.489],[-11.426,-2.545],[0,0],[9.648,-2.343]],"o":[[-9.275,21.562],[0.022,12.504],[4.601,-0.486],[0.28,-4.908],[0.488,3.079],[6.094,-3.311],[2.273,-18.536],[-0.34,-11.093],[0.431,-8.4],[1.04,-5.036],[7.278,-2.348],[22.706,-1.308],[8.02,0.875],[4.4,0.055],[18.671,0.539],[14.507,0.015],[1.001,0.188],[3.329,0.568],[2.032,-3],[0.311,0.398],[0,0],[-6.467,-0.767],[-7.112,1.316],[-0.04,-5.977],[0,-20.078],[0.665,-6.377],[0,0],[-0.024,-5.356],[1.579,-1.319],[17.388,1.449],[5.091,2.571],[4.596,-0.859],[2.827,2.458],[0,0],[1.579,1.323],[2.366,2.781],[3.079,6.143],[4.468,24.069],[-0.546,16],[-21.003,38.59],[-66.694,-0.689],[-19.082,0.022],[-25.255,-5.109],[-14.843,-3.112],[-1.118,-31.305],[2.202,-41.167],[9.641,-3.903],[0,0],[-9.314,0.031],[-11.572,2.81]],"v":[[-183.872,-114.576],[-190.289,-44.95],[-189.26,27.688],[-184.206,28.669],[-180.409,20.602],[-178.505,30.1],[-171.867,23.452],[-172.462,-40.181],[-172.528,-73.488],[-169.44,-103.021],[-160.667,-112.042],[-133.857,-113.021],[0.087,-112.172],[22.921,-111.49],[33.269,-110.472],[66.582,-112.393],[155.687,-111.921],[158.039,-111.386],[170.61,-112.102],[171.082,-116.192],[170.932,-115.823],[156.875,-120.274],[146.379,-119.404],[135.929,-120.941],[134.034,-141.845],[136.588,-163.807],[134.918,-175.094],[134.962,-197.891],[135.934,-209.289],[139.148,-209.713],[193.217,-199.135],[204.844,-189.155],[216.853,-181.928],[224.018,-170.716],[228.378,-167.763],[231.665,-164.426],[236.507,-156.918],[242.718,-137.558],[245.66,10.183],[234.832,49.195],[134.03,99.606],[-66.411,100.055],[-164.742,97.954],[-223.969,55.751],[-242.668,-21.164],[-241.458,-116.172],[-181.206,-201.544],[-139.891,-208.206],[-139.792,-123.859],[-165.899,-123.545]],"c":true},"ix":2},"nm":"Path 6","mn":"ADBE Vector Shape - Group","hd":false},{"ind":6,"ty":"sh","ix":7,"ks":{"a":0,"k":{"i":[[0,0],[-17.463,-0.548],[0,0],[10.92,4.301]],"o":[[14.825,-4.413],[0,0],[-16.961,3.735],[0,0]],"v":[[-119.36,-207.4],[119.277,-208.535],[118.427,-125.072],[-119.197,-125.984]],"c":true},"ix":2},"nm":"Path 7","mn":"ADBE Vector Shape - Group","hd":false},{"ind":7,"ty":"sh","ix":8,"ks":{"a":0,"k":{"i":[[-7.331,8.338],[-2.699,2.971],[-6.863,2.343],[-4.846,0.795],[30.04,-27.336],[5.189,30.084]],"o":[[1.089,-5.005],[5.224,-5.75],[2.671,-4.086],[44.326,-7.267],[-27.793,25.295],[-1.948,-11.302]],"v":[[-38.746,-346.339],[-33.094,-355.519],[-24.102,-360.389],[-10.584,-367.082],[25.497,-292.171],[-46.634,-316.435]],"c":true},"ix":2},"nm":"Path 8","mn":"ADBE Vector Shape - Group","hd":false},{"ind":8,"ty":"sh","ix":9,"ks":{"a":0,"k":{"i":[[0,0],[-7.537,-6.704],[-12.056,-6.969],[0,0],[0,0],[33.637,-145.857],[-43.703,-15.552],[-2.944,-25.394],[-2.101,-4.252],[-34.042,-17.023],[-11.702,-2.571],[0,0],[6.386,-8.835],[4.605,-6.737],[2.209,-4.568],[1.493,-3.128],[2.048,-2.465],[8.071,-9.434],[-0.069,-9.966],[-0.329,-4.948],[-4.208,-1.855],[-1.465,5.69],[-8.915,-3.806],[2.73,-13.677],[-8.005,4.625],[-2.799,6.783],[-13.993,12.444],[0,0],[-2.421,0.983],[-18.127,-22.417],[-2.489,-3.594],[-2.776,-2.686],[-17.319,-8.537],[-35.517,38.985],[-9.467,13.96],[-3.225,-8.769],[-18.145,-0.369],[1.363,12.268],[-9.305,2.238],[-2.255,-3.748],[-2.483,-4.477],[0,0],[14.015,12.285],[1.52,5.637],[18.7,28.305],[4.926,6.408],[2.37,2.838],[1.35,4.349],[-19.764,14.439],[-1.922,3.061],[-3.786,1.701],[-1.001,35.564],[30.333,14.554],[2.396,10.247],[3.947,7.698],[9.602,8.237],[42.999,1.392],[20.582,-0.216],[19.02,1.17],[0,0],[-12.698,15.269],[68.508,-4.278],[10.383,-11.899],[-3.927,-18.459]],"o":[[1.645,14.671],[14.649,13.03],[0,0],[0,0],[-85.01,12.208],[-98.055,27.716],[17.697,6.297],[0.607,5.244],[14.653,29.673],[10.37,5.186],[0,0],[-1.864,3.912],[-4.716,6.525],[-2.635,3.857],[-1.975,4.077],[-2.5,5.235],[-1.968,2.37],[-4.935,5.772],[0.033,4.906],[0.325,4.864],[3.112,-3.569],[11.322,2.204],[-3.141,14.554],[11.068,0.274],[5.458,-3.154],[7.046,-17.072],[0,0],[2.509,-2.147],[6.799,9.606],[4.237,5.239],[1.104,1.595],[11.179,10.817],[54.559,26.892],[34.406,-37.761],[23.731,10.6],[6.565,17.842],[-2.606,-13.306],[5.833,-5.22],[2.421,2.931],[3.075,5.113],[0,0],[1.69,-21.083],[-8.418,-7.38],[-6.511,-24.162],[-4.707,-7.124],[-2.319,-3.022],[-2.878,-3.443],[24.743,-8.862],[39.323,-28.728],[1.986,-3.167],[24.902,-11.183],[0.448,-45.972],[-8.334,-3.998],[-2.14,-9.155],[-6.777,-13.222],[-25.825,-22.154],[-20.575,-0.667],[-19.391,0.203],[0,0],[18.651,-10.381],[28.683,-34.499],[-20.725,3.613],[-8.798,10.083],[0,0]],"v":[[-65.203,-313.782],[-48.116,-280.776],[-17.723,-262.491],[-17.495,-228.982],[-20.884,-228.397],[-260.416,-123.974],[-280.754,7.919],[-258.437,30.153],[-254.012,40.994],[-198.238,104.95],[-165.009,116.342],[-152.481,119.393],[-167.006,137.538],[-180.67,157.136],[-186.569,167.365],[-193.07,177.027],[-206.177,229.472],[-225.537,243.363],[-234.142,267.58],[-233.369,283.793],[-225.694,293.171],[-207.442,263.313],[-179.324,277.626],[-196.721,311.752],[-170.483,306.02],[-156.198,288.944],[-141.726,256.868],[-135.705,251.472],[-132.909,249.565],[-100.086,313.625],[-94.489,324.117],[-85.385,331.196],[-49.238,359.68],[91.376,329.409],[137.836,245.939],[163.488,286.552],[205.588,311.961],[189.015,278.984],[215.726,263.233],[224.652,278.604],[234.501,293.297],[241.22,290.141],[231.798,240.114],[213.882,226.753],[189.225,155.396],[175.964,137.315],[168.673,128.427],[161.492,119.466],[220.387,94.608],[265.252,14.078],[279.545,7.475],[323.86,-53.291],[270.363,-122.386],[260.355,-143.743],[251.986,-165.738],[225.235,-199.782],[131.181,-228.326],[69.434,-228.615],[8.67,-228.017],[8.657,-261.721],[45.309,-285.675],[-11.308,-385.252],[-52.577,-363.605],[-65.203,-313.782]],"c":false},"ix":2},"nm":"Path 9","mn":"ADBE Vector Shape - Group","hd":false},{"ty":"fl","c":{"a":0,"k":[0.011764706112,0.015686275437,0.003921568859,1],"ix":4},"o":{"a":0,"k":100,"ix":5},"r":1,"bm":0,"nm":"Fill 1","mn":"ADBE Vector Graphic - Fill","hd":false},{"ty":"tr","p":{"a":0,"k":[0,0],"ix":2},"a":{"a":0,"k":[0,0],"ix":1},"s":{"a":0,"k":[100,100],"ix":3},"r":{"a":0,"k":0,"ix":6},"o":{"a":0,"k":100,"ix":7},"sk":{"a":0,"k":0,"ix":4},"sa":{"a":0,"k":0,"ix":5},"nm":"Transform"}],"nm":"Group 22","np":10,"cix":2,"bm":0,"ix":22,"mn":"ADBE Vector Group","hd":false}],"ip":0,"op":41,"st":0,"bm":0},{"ddd":0,"ind":6,"ty":4,"nm":"Shadow","sr":1,"ks":{"o":{"a":0,"k":100,"ix":11},"r":{"a":0,"k":0,"ix":10},"p":{"a":0,"k":[546.25,963.323,0],"ix":2},"a":{"a":0,"k":[6.25,423.323,0],"ix":1},"s":{"a":1,"k":[{"i":{"x":[0.58,0.58,0.58],"y":[1,1,1]},"o":{"x":[0.42,0.42,0.42],"y":[0,0,0]},"t":0,"s":[50,50,100]},{"i":{"x":[0.58,0.58,0.58],"y":[1,1,1]},"o":{"x":[0.42,0.42,0.42],"y":[0,0,0]},"t":20,"s":[100,100,100]},{"t":40,"s":[50,50,100]}],"ix":6}},"ao":0,"shapes":[{"ty":"gr","it":[{"ind":0,"ty":"sh","ix":1,"ks":{"a":0,"k":{"i":[[0,0],[16.029,-0.02],[15.137,-1.904],[21.184,-2.841],[1.451,-10.984],[-43.5,0.055],[-24.992,13.054],[-1.451,1.555],[7.223,-1.206]],"o":[[-15.342,-2.004],[-15.877,0.018],[-16.562,-2.776],[-10.423,1.398],[41.364,16.738],[24.116,-0.033],[2.553,-1.336],[-7.755,-16.208],[0,0]],"v":[[73.401,405.992],[19.085,404.894],[-35.214,406.005],[-129.174,413.657],[-153.148,425.434],[6.735,441.956],[162.23,426.907],[165.649,424.327],[73.401,405.992]],"c":false},"ix":2},"nm":"Path 1","mn":"ADBE Vector Shape - Group","hd":false},{"ty":"fl","c":{"a":0,"k":[0.313725501299,0.352941185236,0.415686279535,1],"ix":4},"o":{"a":0,"k":100,"ix":5},"r":1,"bm":0,"nm":"Fill 1","mn":"ADBE Vector Graphic - Fill","hd":false},{"ty":"tr","p":{"a":0,"k":[0,0],"ix":2},"a":{"a":0,"k":[0,0],"ix":1},"s":{"a":0,"k":[100,100],"ix":3},"r":{"a":0,"k":0,"ix":6},"o":{"a":0,"k":100,"ix":7},"sk":{"a":0,"k":0,"ix":4},"sa":{"a":0,"k":0,"ix":5},"nm":"Transform"}],"nm":"Group 1","np":2,"cix":2,"bm":0,"ix":1,"mn":"ADBE Vector Group","hd":false}],"ip":0,"op":41,"st":0,"bm":0}],"markers":[]}